GeoFIPS,GeoName,Region,TableName,LineCode,IndustryClassification,Description,Unit,1969,1970,1971,1972,1973,1974,1975,1976,1977,1978,1979,1980,1981,1982,1983,1984,1985,1986,1987,1988,1989,1990,1991,1992,1993,1994,1995,1996,1997,1998,1999,2000,2001,2002,2003,2004,2005,2006,2007,2008,2009,2010,2011,2012,2013,2014,2015,2016,2017,2018,2019,2020
" ""06000""",California,8,CAINC1,1,...,Personal income (thousands of dollars),Thousands of dollars,92160048,99417462,105987186,116351066,127777265,142507421,157639903,174924788,194032902,220640055,250173900,284307980,319557151,342342458,369808779,410796416,444066873,476682239,513377058,558041138,600755071,643684926,665992598,702449072,719730984,742429143,780642835,829666598,882677306,959693523,1030884656,1135543382,1173878608,1190223778,1243465494,1318744308,1394854877,1503754405,1572721399,1594742475,1540872603,1614040770,1715226969,1827166863,1857200859,1980736837,2125430316,2218457774,2318644417,2431821953,2544234978,2763311977
" ""06000""",California,8,CAINC1,2,...,Population (persons) 1/,Number of persons,19711000,20023181,20345575,20584794,20867737,21172548,21536715,21934505,22350247,22838960,23255069,23800800,24285933,24820007,25360023,25844397,26441107,27102238,27777160,28464250,29218165,29959515,30470736,30974659,31274928,31484435,31696582,32018834,32486010,32987675,33499204,33987977,34479458,34871843,35253159,35574576,35827943,36021202,36250311,36604337,36961229,37319550,37636311,37944551,38253768,38586706,38904296,39149186,39337785,39437463,39437610,39368078
" ""06000""",California,8,CAINC1,3,...,Per capita personal income (dollars) 2/,Dollars,4676,4965,5209,5652,6123,6731,7320,7975,8681,9661,10758,11945,13158,13793,14582,15895,16795,17588,18482,19605,20561,21485,21857,22678,23013,23581,24629,25912,27171,29092,30773,33410,34046,34131,35272,37070,38932,41746,43385,43567,41689,43249,45574,48154,48549,51332,54632,56667,58942,61663,64513,70192
" ""06001""","Alameda, CA",8,CAINC1,1,...,Personal income (thousands of dollars),Thousands of dollars,4991979,5413615,5748044,6256221,6646967,7316446,8047585,8852592,9627922,10741959,11895501,13389159,15070912,16080360,17483059,19467458,21038021,22275177,23589473,25589904,27673644,29593225,30549152,32127626,33130062,34167648,36266947,38887009,41495774,45510174,49630392,56878821,57935628,57269346,58289031,60118402,62166585,67010278,69951007,71680628,68713396,71981664,77395558,81835226,86325365,93163772,102412663,109572257,116802392,125583845,131535494,144751041
" ""06001""","Alameda, CA",8,CAINC1,2,...,Population (persons) 1/,Number of persons,1060099,1073505,1084483,1099590,1089330,1092233,1090869,1098146,1099851,1103717,1099272,1109931,1125950,1140269,1160694,1179132,1197401,1215506,1229319,1251100,1271443,1306166,1318543,1332208,1339189,1341707,1346548,1359099,1380383,1405903,1427114,1449840,1469484,1462106,1454163,1445721,1441545,1444484,1455715,1477208,1498539,1512997,1530893,1553729,1579508,1607638,1634326,1650765,1659824,1666596,1668412,1662323
" ""06001""","Alameda, CA",8,CAINC1,3,...,Per capita personal income (dollars) 2/,Dollars,4709,5043,5300,5690,6102,6699,7377,8061,8754,9733,10821,12063,13385,14102,15063,16510,17570,18326,19189,20454,21766,22657,23169,24116,24739,25466,26933,28612,30061,32371,34777,39231,39426,39169,40084,41584,43125,46390,48053,48524,45854,47576,50556,52670,54653,57951,62664,66377,70370,75354,78839,87078
" ""06003""","Alpine, CA",8,CAINC1,1,...,Personal income (thousands of dollars),Thousands of dollars,2003,2261,2634,3373,3715,3930,4408,5731,6072,7891,9338,10316,11630,12403,13688,14104,14688,15134,15873,18896,20703,20190,18111,18250,20995,22464,23981,26041,27704,28629,30527,33580,40764,42055,43561,41631,41309,41669,45470,46430,46599,49529,61041,65159,64672,69772,71931,76949,78460,82268,88707,85240
" ""06003""","Alpine, CA",8,CAINC1,2,...,Population (persons) 1/,Number of persons,398,508,584,702,671,730,785,817,890,983,1160,1104,1131,1145,1119,1092,1156,1197,1141,1162,1161,1106,1162,1154,1196,1199,1246,1262,1239,1223,1205,1209,1196,1237,1233,1263,1219,1276,1274,1202,1197,1161,1093,1111,1131,1083,1080,1053,1116,1081,1113,1119
" ""06003""","Alpine, CA",8,CAINC1,3,...,Per capita personal income (dollars) 2/,Dollars,5033,4451,4510,4805,5537,5384,5615,7015,6822,8027,8050,9344,10283,10832,12232,12916,12706,12643,13911,16262,17832,18255,15586,15815,17554,18736,19246,20635,22360,23409,25334,27775,34084,33998,35329,32962,33888,32656,35691,38627,38930,42661,55847,58649,57181,64425,66603,73076,70305,76104,79701,76175
" ""06005""","Amador, CA",8,CAINC1,1,...,Personal income (thousands of dollars),Thousands of dollars,47391,52052,57221,63717,73443,83961,95034,108959,125334,146550,170527,190613,208033,222735,247168,281627,308270,335872,376503,419187,455463,491345,536608,567895,595834,610059,645493,682026,688710,732909,778994,861262,951258,1005341,1055757,1122163,1143783,1215541,1281816,1304478,1261150,1296086,1314759,1333719,1349159,1418546,1496079,1532685,1610161,1670993,1745661,1912798
" ""06005""","Amador, CA",8,CAINC1,2,...,Population (persons) 1/,Number of persons,11240,11969,12542,12741,13521,14571,15091,15270,16239,17300,18591,19499,20205,20605,21103,21821,22659,23375,24531,27077,28939,30302,31741,32289,32803,33210,33549,33841,34107,34116,34903,35153,35697,36561,36994,37400,38040,38353,38756,38248,38238,37883,37539,37105,36624,36734,37039,37443,38549,39349,39693,40083
" ""06005""","Amador, CA",8,CAINC1,3,...,Per capita personal income (dollars) 2/,Dollars,4216,4349,4562,5001,5432,5762,6297,7135,7718,8471,9173,9776,10296,10810,11712,12906,13605,14369,15348,15481,15739,16215,16906,17588,18164,18370,19240,20154,20193,21483,22319,24500,26648,27498,28539,30004,30068,31694,33074,34106,32982,34213,35024,35944,36838,38617,40392,40934,41769,42466,43979,47721
" ""06007""","Butte, CA",8,CAINC1,1,...,Personal income (thousands of dollars),Thousands of dollars,352188,381579,415603,461533,536861,630119,699800,766349,861046,974489,1130636,1320695,1467413,1532666,1647030,1803653,1946271,2079377,2257359,2468501,2663869,2872915,3052820,3239403,3340767,3480305,3589571,3798320,4034871,4195618,4394584,4713452,5117621,5252568,5487431,5839462,6047256,6489127,6843262,6986308,6996743,7232516,7416138,7649670,7855622,8224775,8869675,9247477,9482985,9775451,9880994,10696500
" ""06007""","Butte, CA",8,CAINC1,2,...,Population (persons) 1/,Number of persons,101057,102682,105916,112775,113223,117295,121626,125377,129470,131797,138531,144828,148451,151913,154263,156791,160680,163233,166970,171909,176583,183652,187678,190409,192831,194648,196083,196327,197994,199993,201282,203807,206193,209120,211481,213065,214752,216824,217469,219034,219777,219951,219983,220877,221649,223525,224643,226222,228700,230330,218726,212744
" ""06007""","Butte, CA",8,CAINC1,3,...,Per capita personal income (dollars) 2/,Dollars,3485,3716,3924,4093,4742,5372,5754,6112,6651,7394,8162,9119,9885,10089,10677,11504,12113,12739,13520,14359,15086,15643,16266,17013,17325,17880,18306,19347,20379,20979,21833,23127,24820,25117,25948,27407,28159,29928,31468,31896,31836,32882,33712,34633,35442,36796,39483,40878,41465,42441,45175,50279
" ""06009""","Calaveras, CA",8,CAINC1,1,...,Personal income (thousands of dollars),Thousands of dollars,48367,53990,57281,65528,73443,80152,90631,103094,116195,137840,155293,186710,211180,224502,254669,296176,327494,354945,396765,439282,514146,557727,591821,626615,664532,685693,714337,775480,825980,892784,956059,1061740,1159433,1220436,1308607,1383063,1441515,1540156,1637736,1679386,1629838,1662974,1696765,1679343,1690024,1786880,1919608,1987797,2075124,2141805,2234933,2455536
" ""06009""","Calaveras, CA",8,CAINC1,2,...,Population (persons) 1/,Number of persons,13328,13658,13918,14241,14798,15185,15205,15694,16709,18301,19777,20916,21700,22778,23530,24196,24870,25854,27194,28248,30071,32542,34023,35233,35943,37073,37700,38441,39098,39581,40000,40645,41304,42380,43755,44530,45295,46045,46268,46265,45900,45467,45159,44816,44658,44677,44972,45307,45658,45747,46119,46308
" ""06009""","Calaveras, CA",8,CAINC1,3,...,Per capita personal income (dollars) 2/,Dollars,3629,3953,4116,4601,4963,5278,5961,6569,6954,7532,7852,8927,9732,9856,10823,12241,13168,13729,14590,15551,17098,17139,17395,17785,18488,18496,18948,20173,21126,22556,23901,26122,28071,28797,29908,31059,31825,33449,35397,36299,35508,36575,37573,37472,37844,39996,42685,43874,45449,46818,48460,53026
" ""06011""","Colusa, CA",8,CAINC1,1,...,Personal income (thousands of dollars),Thousands of dollars,71938,70572,73203,81932,108333,152063,140803,92610,122237,125226,153981,181886,191975,173013,166506,197851,231531,214446,248295,271546,299907,303990,306884,333271,368243,364659,394298,421786,428180,406236,481368,485560,471410,465489,541175,544954,557028,576412,679990,809381,865392,861389,860792,786401,832093,747704,847051,896370,903059,997221,959057,1237036
" ""06011""","Colusa, CA",8,CAINC1,2,...,Population (persons) 1/,Number of persons,12334,12416,12350,12161,12241,12426,12620,12833,12764,12707,12939,12875,13184,13872,14109,14159,14701,14930,14972,15494,16004,16335,16572,16834,16997,17252,17584,17909,18262,18419,18620,18817,19022,19232,19568,20207,20540,20890,21075,21134,21250,21435,21315,21274,21239,21156,21208,21476,21558,21389,21474,21558
" ""06011""","Colusa, CA",8,CAINC1,3,...,Per capita personal income (dollars) 2/,Dollars,5832,5684,5927,6737,8850,12237,11157,7217,9577,9855,11901,14127,14561,12472,11801,13974,15749,14363,16584,17526,18740,18610,18518,19797,21665,21137,22424,23552,23447,22055,25852,25804,24782,24204,27656,26969,27119,27593,32265,38298,40724,40186,40384,36965,39178,35342,39940,41738,41890,46623,44661,57382
" ""06013""","Contra Costa, CA",8,CAINC1,1,...,Personal income (thousands of dollars),Thousands of dollars,2787828,2977495,3207997,3523498,3825193,4297142,4837131,5410096,6028523,6863527,7829430,9056173,10193797,10958633,12010322,13330373,14468610,15633048,16881029,18465263,19943640,21206016,22121438,23899181,25039261,26072190,27642275,29728585,32420266,35348537,38176067,43293978,45527698,45163923,46477491,49310464,52124181,56273449,58554220,59979479,56061819,56656536,61038827,66264554,66756974,70278089,76805095,81451804,86986057,91653896,97550344,106318748
" ""06013""","Contra Costa, CA",8,CAINC1,2,...,Population (persons) 1/,Number of persons,546362,556814,563371,567619,573982,581729,589053,601223,614961,626070,642832,658783,667293,678903,690150,698814,711446,725367,739987,759242,784395,809317,823183,839768,852532,861979,872075,884227,903049,921663,936983,952810,970952,979862,987531,992424,999013,1000834,1009152,1023344,1037890,1052516,1065361,1077439,1093253,1108665,1124148,1137259,1145623,1150840,1152883,1152333
" ""06013""","Contra Costa, CA",8,CAINC1,3,...,Per capita personal income (dollars) 2/,Dollars,5103,5347,5694,6208,6664,7387,8212,8998,9803,10963,12180,13747,15276,16142,17402,19076,20337,21552,22813,24321,25426,26202,26873,28459,29370,30247,31697,33621,35901,38353,40744,45438,46890,46092,47064,49687,52176,56227,58023,58611,54015,53830,57294,61502,61063,63390,68323,71621,75929,79641,84614,92264
" ""06015""","Del Norte, CA",8,CAINC1,1,...,Personal income (thousands of dollars),Thousands of dollars,54540,58809,64960,71700,78529,86327,94539,106229,117924,136445,151703,173993,181532,171581,183670,198267,205107,216519,229952,257068,280856,334423,362139,384938,403488,416504,429870,435039,458706,484871,500137,519747,517423,519513,555938,608167,623965,665709,705478,739231,744698,778572,801299,808491,826465,856962,903662,937540,938696,973220,1007083,1124086
" ""06015""","Del Norte, CA",8,CAINC1,2,...,Population (persons) 1/,Number of persons,14224,14634,14985,15021,15419,15579,16059,16295,16828,17728,17915,18338,18789,18571,18704,18505,18701,19087,19526,20308,21270,23986,27012,27306,27942,28105,27802,27981,28340,28187,27624,27440,27292,27397,27601,27950,28281,28211,28415,28496,28599,28568,28447,28195,27821,27182,27198,27415,27383,27793,27903,27968
" ""06015""","Del Norte, CA",8,CAINC1,3,...,Per capita personal income (dollars) 2/,Dollars,3834,4019,4335,4773,5093,5541,5887,6519,7008,7697,8468,9488,9662,9239,9820,10714,10968,11344,11777,12658,13204,13942,13407,14097,14440,14820,15462,15548,16186,17202,18105,18941,18959,18962,20142,21759,22063,23597,24828,25942,26039,27253,28168,28675,29707,31527,33225,34198,34280,35017,36092,40192
" ""06017""","El Dorado, CA",8,CAINC1,1,...,Personal income (thousands of dollars),Thousands of dollars,185399,207258,237154,275555,322781,367145,433672,499863,577819,694801,797290,927795,1040609,1112546,1225788,1385857,1542433,1714299,1885475,2103478,2370147,2611704,2818290,3089365,3253816,3524628,3804899,4120660,4486495,4869743,5370008,5874491,6210053,6426857,6682025,7120150,7542868,8045061,8357829,8667250,8417555,8704867,9101448,9473658,9784211,10347622,10921241,11552784,11967113,12563988,13152053,14018235
" ""06017""","El Dorado, CA",8,CAINC1,2,...,Population (persons) 1/,Number of persons,43168,44389,46046,48509,52713,55614,58416,62534,67014,73670,80658,86557,89367,92428,93434,95371,99093,102450,106852,112687,118828,127952,132724,136014,139646,142088,144574,146863,149589,152308,154381,157162,161101,165195,168331,171653,175003,176773,177694,179150,180455,181161,180963,180613,181529,183157,184627,186027,188793,190925,193057,192925
" ""06017""","El Dorado, CA",8,CAINC1,3,...,Per capita personal income (dollars) 2/,Dollars,4295,4669,5150,5680,6123,6602,7424,7993,8622,9431,9885,10719,11644,12037,13119,14531,15566,16733,17646,18667,19946,20412,21234,22714,23300,24806,26318,28058,29992,31973,34784,37379,38548,38905,39696,41480,43101,45511,47035,48380,46646,48050,50295,52453,53899,56496,59153,62103,63387,65806,68125,72662
" ""06019""","Fresno, CA",8,CAINC1,1,...,Personal income (thousands of dollars),Thousands of dollars,1500510,1653102,1799992,2036193,2339957,2740807,2963789,3397744,3628639,4040140,4792511,5540745,5809316,6125148,6443188,7119275,7644924,8160310,8910556,9572858,10378753,11305019,11853761,12614523,13359184,13672905,14222713,14865185,15268932,16150808,17122168,18468337,19156823,20487249,21972350,23242215,24166137,25850536,27263143,27788298,27798393,29073705,30768390,31695916,32998669,35278492,37664739,38697763,39593851,40888952,42926067,48539267
" ""06019""","Fresno, CA",8,CAINC1,2,...,Population (persons) 1/,Number of persons,408304,414886,424697,431918,439865,449886,464183,477162,489016,497564,506332,517679,528891,541500,555873,572091,584070,593621,608831,627658,650755,672302,691569,710263,726859,739835,749534,761409,771391,778615,789405,801288,813021,829762,847193,861035,872470,883862,895933,909630,921478,932011,939251,944779,951143,960072,968889,976231,984726,991298,997847,1000918
" ""06019""","Fresno, CA",8,CAINC1,3,...,Per capita personal income (dollars) 2/,Dollars,3675,3984,4238,4714,5320,6092,6385,7121,7420,8120,9465,10703,10984,11311,11591,12444,13089,13747,14636,15252,15949,16815,17140,17760,18379,18481,18975,19523,19794,20743,21690,23048,23563,24691,25935,26993,27699,29247,30430,30549,30167,31195,32758,33548,34694,36746,38874,39640,40208,41248,43019,48495
" ""06021""","Glenn, CA",8,CAINC1,1,...,Personal income (thousands of dollars),Thousands of dollars,71156,73813,78182,92399,120824,144255,142714,130642,147493,170263,209204,256495,254661,249131,235939,266494,286186,283801,320324,341983,349821,368356,369090,409865,433156,435535,425138,474724,495213,471550,502525,520538,569243,579283,611546,666205,684169,681619,814291,840737,866985,899036,959789,980356,1052771,1026782,1097431,1130075,1148084,1212182,1230173,1476911
" ""06021""","Glenn, CA",8,CAINC1,2,...,Population (persons) 1/,Number of persons,17207,17486,17396,17518,18260,18522,19150,19687,20109,20038,20991,21498,22050,22346,22873,22835,23171,23214,23318,23844,24428,24919,25181,25510,25663,25796,26040,26170,26270,26185,26332,26416,26450,26651,27016,27122,27393,27652,27775,28019,28100,28125,28131,27836,27784,27802,27723,27796,27876,27899,28445,28283
" ""06021""","Glenn, CA",8,CAINC1,3,...,Per capita personal income (dollars) 2/,Dollars,4135,4221,4494,5275,6617,7788,7452,6636,7335,8497,9966,11931,11549,11149,10315,11670,12351,12225,13737,14343,14320,14782,14657,16067,16879,16884,16326,18140,18851,18008,19084,19705,21521,21736,22636,24563,24976,24650,29317,30006,30854,31966,34119,35219,37891,36932,39586,40656,41185,43449,43247,52219
" ""06023""","Humboldt, CA",8,CAINC1,1,...,Personal income (thousands of dollars),Thousands of dollars,390205,410869,449546,484634,538295,592976,650730,735707,802633,882256,969802,1071630,1137324,1167934,1256380,1347309,1419775,1517564,1612109,1725832,1870544,1957517,2035251,2142505,2232589,2305898,2385010,2532287,2665509,2809647,2876616,3023569,3298165,3397606,3620905,3860060,3936574,4155051,4198863,4123490,4350494,4739802,4903360,4952497,5034566,5249786,5594826,5783373,5926934,6065887,6258414,6773452
" ""06023""","Humboldt, CA",8,CAINC1,2,...,Population (persons) 1/,Number of persons,98868,99708,100115,103038,104378,105501,104239,105158,106256,107430,107777,108931,110338,109889,109638,110275,111050,111702,112818,114774,117161,119746,121375,123032,124147,123990,125927,126162,127086,127087,126676,126462,127520,128780,129754,130702,131497,132093,132001,132657,133744,135010,135257,134597,134447,134556,135177,136477,136710,136502,135839,134977
" ""06023""","Humboldt, CA",8,CAINC1,3,...,Per capita personal income (dollars) 2/,Dollars,3947,4121,4490,4703,5157,5621,6243,6996,7554,8212,8998,9838,10308,10628,11459,12218,12785,13586,14289,15037,15966,16347,16768,17414,17983,18597,18940,20072,20974,22108,22708,23909,25864,26383,27906,29533,29937,31455,31809,31084,32529,35107,36252,36795,37446,39016,41389,42376,43354,44438,46072,50182
" ""06025""","Imperial, CA",8,CAINC1,1,...,Personal income (thousands of dollars),Thousands of dollars,284148,299115,301362,384220,425947,488692,523162,581199,603258,656466,929275,892604,937766,1039053,1100336,1127019,1123270,1161225,1363167,1568327,1688937,1789097,1874590,2015111,2262259,2284882,2360428,2345878,2440859,2611388,2705995,2712646,2984655,3361559,3495156,3594395,3773375,4081732,4340537,4732242,4796535,5087722,5490146,5566933,5769757,6064992,6497386,6358568,6485109,6397063,6711683,8021811
" ""06025""","Imperial, CA",8,CAINC1,2,...,Population (persons) 1/,Number of persons,73604,74795,74931,75869,79648,81526,82989,85264,86981,88474,90086,92584,94301,95688,96890,97475,99199,98885,100077,101881,105166,110839,117143,123823,132758,134315,136986,137987,138624,139615,141056,142410,143707,145640,148984,152259,156113,160505,164596,167917,172008,174704,175731,176487,176301,177786,178701,179881,181250,181062,180439,180267
" ""06025""","Imperial, CA",8,CAINC1,3,...,Per capita personal income (dollars) 2/,Dollars,3860,3999,4022,5064,5348,5994,6304,6816,6936,7420,10315,9641,9944,10859,11357,11562,11323,11743,13621,15394,16060,16141,16003,16274,17040,17011,17231,17001,17608,18704,19184,19048,20769,23081,23460,23607,24171,25431,26371,28182,27886,29122,31242,31543,32727,34114,36359,35349,35780,35331,37196,44500
" ""06027""","Inyo, CA",8,CAINC1,1,...,Personal income (thousands of dollars),Thousands of dollars,58457,64784,71180,79725,85713,94205,105798,114992,124199,142494,162993,184930,208617,216714,229816,239976,246521,253169,259319,290002,319641,333343,344355,353760,366860,372034,385296,399834,418843,437386,454119,462352,545289,553059,584665,643094,671680,711869,737755,781570,769259,785223,808532,848957,865126,920353,958227,1020295,1050677,1027904,1083706,1160984
" ""06027""","Inyo, CA",8,CAINC1,2,...,Population (persons) 1/,Number of persons,15417,15626,15799,15491,16344,16653,16879,17032,17226,16509,17748,17914,17954,18410,18420,18203,18083,17862,17794,17946,18317,18272,18312,18372,18337,18431,18395,18311,18241,18036,17968,17955,18117,18394,18593,18578,18478,18370,18426,18318,18544,18503,18385,18344,18348,18280,18097,17897,17819,17894,17993,18046
" ""06027""","Inyo, CA",8,CAINC1,3,...,Per capita personal income (dollars) 2/,Dollars,3792,4146,4505,5147,5244,5657,6268,6752,7210,8631,9184,10323,11620,11772,12476,13183,13633,14174,14573,16160,17451,18243,18805,19255,20007,20185,20946,21836,22962,24251,25274,25751,30098,30067,31445,34616,36350,38752,40039,42667,41483,42438,43978,46280,47151,50348,52949,57009,58964,57444,60229,64335
" ""06029""","Kern, CA",8,CAINC1,1,...,Personal income (thousands of dollars),Thousands of dollars,1273392,1357079,1464866,1593327,1818667,2156400,2343300,2763966,2921259,3216417,3830294,4498790,4819966,5253132,5467802,6028100,6466455,6902908,7159440,7851244,8365507,9089058,9706159,10190092,10682018,10926342,11322808,11936703,12276732,12994011,13407973,14211992,15170250,16077655,17151814,18423467,19842944,21461861,23254646,23941459,23714483,25788759,27316563,29004846,29769366,31756475,32468356,32277777,32902090,34028516,35559701,40309555
" ""06029""","Kern, CA",8,CAINC1,2,...,Population (persons) 1/,Number of persons,325549,330868,336227,336833,343007,344840,356866,366932,372217,377990,393198,406407,418877,433698,446961,459411,474243,486217,497910,510980,527922,549535,569346,589897,599843,614707,620201,626719,634695,643016,655428,663803,676574,694059,714272,736296,760726,784511,803281,818327,830137,841365,848651,854392,862727,869837,876548,881094,887316,893618,898898,901362
" ""06029""","Kern, CA",8,CAINC1,3,...,Per capita personal income (dollars) 2/,Dollars,3912,4102,4357,4730,5302,6253,6566,7533,7848,8509,9741,11070,11507,12112,12233,13121,13635,14197,14379,15365,15846,16540,17048,17274,17808,17775,18257,19046,19343,20208,20457,21410,22422,23165,24013,25022,26084,27357,28950,29257,28567,30651,32188,33948,34506,36509,37041,36634,37080,38079,39559,44721
" ""06031""","Kings, CA",8,CAINC1,1,...,Personal income (thousands of dollars),Thousands of dollars,240790,265191,278879,314305,345342,437143,445741,532959,531403,525109,684421,846922,828510,892113,858897,999413,1006438,1007552,1157771,1243853,1382176,1393565,1495923,1630271,1719615,1782529,1802543,1929607,1972942,1998252,2135835,2253273,2465233,2719851,3062578,3309645,3412644,3452184,3975375,3860335,3705122,3987408,4427949,4309648,4418084,4788661,4940785,5124392,5333250,5333096,5565748,6387018
" ""06031""","Kings, CA",8,CAINC1,2,...,Population (persons) 1/,Number of persons,65647,66570,66450,68161,68308,69067,70590,71708,72467,73556,73562,74265,76229,78213,81138,83004,85205,86372,88032,94510,99850,101885,104334,107414,109161,111565,113840,115411,116769,121457,126402,129835,132881,135369,139393,143601,145147,147712,150420,152027,152278,152342,151779,150884,150237,149373,149960,149269,149542,151221,152727,152692
" ""06031""","Kings, CA",8,CAINC1,3,...,Per capita personal income (dollars) 2/,Dollars,3668,3984,4197,4611,5056,6329,6315,7432,7333,7139,9304,11404,10869,11406,10586,12041,11812,11665,13152,13161,13843,13678,14338,15177,15753,15977,15834,16719,16896,16452,16897,17355,18552,20092,21971,23048,23512,23371,26429,25392,24331,26174,29174,28563,29407,32058,32947,34330,35664,35267,36442,41829
" ""06033""","Lake, CA",8,CAINC1,1,...,Personal income (thousands of dollars),Thousands of dollars,72377,79809,88263,100223,118046,134168,156373,178147,206512,248026,289855,350148,401425,447902,495174,550409,590331,640356,671078,713854,804120,858014,928862,972416,1004990,1035739,1059239,1132180,1183092,1246656,1311779,1394440,1498872,1588463,1640683,1683264,1710181,1810435,1881771,1913770,1903204,2001213,2037543,2079496,2125313,2252579,2378740,2427666,2555042,2618851,2716712,3039822
" ""06033""","Lake, CA",8,CAINC1,2,...,Population (persons) 1/,Number of persons,18799,19805,20929,21839,23471,24131,25629,27425,29580,32228,34740,36831,38623,39991,41805,43812,45494,46135,47139,47911,48942,51149,53036,54358,55492,56097,56265,56331,56275,56695,57214,58538,60219,61513,62496,63116,63811,64202,64077,64392,64413,64736,64258,63966,63811,64056,64266,63912,64132,64394,64463,64479
" ""06033""","Lake, CA",8,CAINC1,3,...,Per capita personal income (dollars) 2/,Dollars,3850,4030,4217,4589,5029,5560,6101,6496,6981,7696,8344,9507,10393,11200,11845,12563,12976,13880,14236,14900,16430,16775,17514,17889,18111,18463,18826,20099,21023,21989,22928,23821,24890,25823,26253,26669,26801,28199,29367,29721,29547,30913,31709,32509,33306,35166,37014,37985,39840,40669,42144,47144
" ""06035""","Lassen, CA",8,CAINC1,1,...,Personal income (thousands of dollars),Thousands of dollars,67368,71748,79170,83128,93102,96098,113632,129147,139038,162228,184257,201532,213276,232985,245405,265434,283016,302204,314644,335540,359113,378271,413008,450867,462147,494506,514183,543805,559647,580482,607898,626500,643094,676105,719394,749175,770539,825907,891002,944895,922698,958249,976641,965506,948871,967521,1021736,1050006,1055765,1072120,1092110,1215362
" ""06035""","Lassen, CA",8,CAINC1,2,...,Population (persons) 1/,Number of persons,16611,16866,17231,17652,17644,18168,18596,18643,19352,19963,21137,21851,22570,23370,23558,23830,24128,24639,26051,26681,27334,27666,28001,28603,28774,28544,28825,31874,34123,34030,33838,33719,33548,33430,33930,34458,34488,34605,35615,35221,35160,34828,34235,33622,32128,31664,31256,30715,30919,30658,30694,30016
" ""06035""","Lassen, CA",8,CAINC1,3,...,Per capita personal income (dollars) 2/,Dollars,4056,4254,4595,4709,5277,5289,6111,6927,7185,8126,8717,9223,9450,9969,10417,11139,11730,12265,12078,12576,13138,13673,14750,15763,16061,17324,17838,17061,16401,17058,17965,18580,19169,20224,21202,21742,22342,23867,25018,26828,26243,27514,28528,28716,29534,30556,32689,34185,34146,34970,35581,40490
" ""06037""","Los Angeles, CA",8,CAINC1,1,...,Personal income (thousands of dollars),Thousands of dollars,33686644,35629674,37121848,40108100,43160005,47427380,51826029,56997723,62721460,70963500,79718877,89439394,100498267,107017122,114723500,126323970,135991037,145247377,156541571,167604195,177107568,190966436,193296048,201832265,203189504,207892571,215981745,227176765,237616263,258707826,271836988,286911950,297631306,305156192,319932049,338930573,360386837,390545382,408425751,418101819,404098622,421731414,449955147,482151715,480157948,510614460,544243722,562665355,580826819,602428812,631161849,678829092
" ""06037""","Los Angeles, CA",8,CAINC1,2,...,Population (persons) 1/,Number of persons,6989910,7042756,7103651,7056632,7040446,7085800,7116806,7211683,7251637,7351757,7401021,7506544,7608796,7767422,7920955,8041685,8182906,8393640,8553844,8667680,8793710,8878157,8948125,9055424,9100159,9096608,9089015,9127042,9206538,9313589,9437290,9538191,9626034,9705913,9767145,9793263,9786373,9737955,9700359,9735147,9787400,9821647,9873700,9931394,9987189,10033449,10077263,10094865,10092365,10061533,10011602,9943046
" ""06037""","Los Angeles, CA",8,CAINC1,3,...,Per capita personal income (dollars) 2/,Dollars,4819,5059,5226,5684,6130,6693,7282,7904,8649,9653,10771,11915,13208,13778,14484,15709,16619,17304,18301,19337,20140,21510,21602,22289,22328,22854,23763,24891,25810,27777,28805,30080,30919,31440,32756,34609,36825,40105,42104,42948,41288,42939,45571,48548,48077,50891,54007,55738,57551,59874,63043,68272
" ""06039""","Madera, CA",8,CAINC1,1,...,Personal income (thousands of dollars),Thousands of dollars,142509,157504,172911,203344,252612,288523,303984,351479,404651,443859,599802,679239,665972,687423,699323,780203,830324,922147,1049058,1133911,1222046,1330613,1418479,1602982,1665036,1700029,1729154,1886968,2030119,2107353,2236441,2338943,2534808,2738233,2931937,3251384,3396327,3590433,3933440,3938796,3813538,4237224,4465373,4703565,4856514,5204192,5292024,5531784,5712513,5844189,6072907,7025353
" ""06039""","Madera, CA",8,CAINC1,2,...,Population (persons) 1/,Number of persons,41079,41707,42754,43223,44458,46071,47917,49699,52777,55741,60169,63961,67214,69240,71504,72996,75118,76960,79003,81762,84797,89125,94973,99536,104039,107396,109300,113143,116442,119143,121883,123587,125581,128369,132738,137106,140313,143622,146067,148359,149234,151006,151685,151520,151295,153357,153448,153694,155079,156373,156717,157761
" ""06039""","Madera, CA",8,CAINC1,3,...,Per capita personal income (dollars) 2/,Dollars,3469,3776,4044,4705,5682,6263,6344,7072,7667,7963,9969,10620,9908,9928,9780,10688,11054,11982,13279,13868,14411,14930,14936,16105,16004,15830,15820,16678,17435,17688,18349,18925,20185,21331,22088,23714,24205,24999,26929,26549,25554,28060,29438,31043,32100,33935,34487,35992,36836,37373,38751,44532
" ""06041""","Marin, CA",8,CAINC1,1,...,Personal income (thousands of dollars),Thousands of dollars,1233473,1319908,1421836,1581155,1728807,1889287,2109152,2349280,2589028,2959686,3370252,3940435,4463347,4812780,5230185,5681017,6023344,6329703,6592641,7204904,7604056,7962427,8397207,9045108,9547840,10116017,10842938,11658332,12745226,14377818,15595549,17335698,18273264,17484986,17579779,18756083,19776468,21445592,22090030,22356476,20500980,21118422,22911572,24675688,25242258,27395634,29448383,30524826,31911427,34331921,35987604,37461199
" ""06041""","Marin, CA",8,CAINC1,2,...,Population (persons) 1/,Number of persons,203506,208245,207014,207699,215802,211584,216965,220963,223289,223558,222870,222944,223911,223426,223972,223232,222459,224013,224938,226013,229176,230522,233443,235820,238040,239032,239195,238705,241797,244706,246269,247520,247866,246225,245054,243769,244206,244580,246248,248398,250862,252906,255380,256087,258441,260403,260974,260722,259975,260091,259085,257332
" ""06041""","Marin, CA",8,CAINC1,3,...,Per capita personal income (dollars) 2/,Dollars,6061,6338,6868,7613,8011,8929,9721,10632,11595,13239,15122,17675,19934,21541,23352,25449,27076,28256,29309,31878,33180,34541,35971,38356,40110,42321,45331,48840,52710,58755,63327,70038,73722,71012,71738,76942,80983,87683,89706,90003,81722,83503,89716,96357,97671,105205,112840,117078,122748,132000,138903,145575
" ""06043""","Mariposa, CA",8,CAINC1,1,...,Personal income (thousands of dollars),Thousands of dollars,25707,29031,31878,35544,39383,46482,55173,59895,66057,79460,88046,105558,114269,121546,143069,152977,167179,179311,183575,202343,222889,247812,256938,274860,283318,290182,302290,318872,331549,354173,370918,386396,416443,432756,457176,508876,534793,573761,610341,630505,627629,660771,669454,677385,688793,731118,775630,826726,861739,894617,921945,992327
" ""06043""","Mariposa, CA",8,CAINC1,2,...,Population (persons) 1/,Number of persons,5868,6139,6623,6832,7418,7877,8296,8683,9195,9685,10626,11201,11555,11798,11980,12310,12654,12873,13130,13514,13907,14446,15061,15565,15901,16171,16427,16784,16640,17053,16966,17101,17099,17243,17707,17844,17972,18219,18366,18412,18212,18302,18199,17912,17840,17745,17653,17498,17461,17361,17117,17160
" ""06043""","Mariposa, CA",8,CAINC1,3,...,Per capita personal income (dollars) 2/,Dollars,4381,4729,4813,5203,5309,5901,6651,6898,7184,8204,8286,9424,9889,10302,11942,12427,13212,13929,13981,14973,16027,17154,17060,17659,17818,17945,18402,18999,19925,20769,21862,22595,24355,25097,25819,28518,29757,31492,33232,34244,34462,36104,36785,37817,38609,41201,43938,47247,49352,51530,53861,57828
" ""06045""","Mendocino, CA",8,CAINC1,1,...,Personal income (thousands of dollars),Thousands of dollars,185554,201134,211290,245217,279573,310625,342687,397582,449272,523367,591579,654786,709835,738341,801612,878076,935329,1002052,1068128,1142146,1275610,1334531,1368913,1439345,1504470,1577844,1636710,1774193,1898984,1965959,2070246,2191058,2426096,2477250,2543211,2619444,2638208,2799262,2948893,3027066,3032315,3281662,3331469,3329086,3399765,3634374,3797730,3894321,4032303,4175586,4329482,4715675
" ""06045""","Mendocino, CA",8,CAINC1,2,...,Population (persons) 1/,Number of persons,49733,51267,52008,52517,55063,56524,57243,58926,61122,62985,65018,67093,68385,69726,70700,71811,73390,74293,75320,76493,78444,80859,81729,81978,82126,82427,83277,83887,84370,85062,85665,86407,86841,87364,88140,88030,87981,87345,87071,87468,87722,87796,87335,87293,87070,87247,87131,87319,87690,87549,86932,86061
" ""06045""","Mendocino, CA",8,CAINC1,3,...,Per capita personal income (dollars) 2/,Dollars,3731,3923,4063,4669,5077,5495,5987,6747,7350,8309,9099,9759,10380,10589,11338,12228,12745,13488,14181,14931,16261,16504,16749,17558,18319,19142,19654,21150,22508,23112,24167,25357,27937,28356,28854,29756,29986,32048,33868,34608,34567,37378,38146,38137,39046,41656,43586,44599,45984,47694,49803,54795
" ""06047""","Merced, CA",8,CAINC1,1,...,Personal income (thousands of dollars),Thousands of dollars,389912,434859,460187,517524,612840,685840,783346,878577,964456,1017192,1170290,1331927,1362937,1461800,1528943,1773556,1911489,2060070,2285290,2395633,2610501,2786599,2911291,3108931,3207165,3284026,3171229,3484054,3595354,3788007,3992325,4212595,4567828,4861686,5315905,5808967,6035083,6211082,6949306,6748518,6814285,7205819,7758558,7939819,8278545,9085607,9476958,9619415,9957466,10181082,10517004,12263094
" ""06047""","Merced, CA",8,CAINC1,2,...,Population (persons) 1/,Number of persons,101255,105275,108032,110548,114436,117949,121456,126358,126591,128435,131775,135625,139632,142766,147657,151357,155939,158988,162956,167749,172988,179953,186091,189489,193137,197798,195291,194819,198312,202264,206734,212258,218816,225351,231735,237180,242554,245338,248540,250538,252302,256709,259249,260776,261888,264241,266133,267370,270837,273733,277114,279252
" ""06047""","Merced, CA",8,CAINC1,3,...,Per capita personal income (dollars) 2/,Dollars,3851,4131,4260,4681,5355,5815,6450,6953,7619,7920,8881,9821,9761,10239,10355,11718,12258,12957,14024,14281,15091,15485,15644,16407,16606,16603,16238,17884,18130,18728,19311,19847,20875,21574,22940,24492,24881,25316,27961,26936,27008,28070,29927,30447,31611,34384,35610,35978,36766,37193,37952,43914
" ""06049""","Modoc, CA",8,CAINC1,1,...,Personal income (thousands of dollars),Thousands of dollars,31864,33740,37674,37523,50519,52886,54864,60622,56722,69921,82156,109879,98451,105804,113241,123241,112841,113519,123658,134532,144245,150947,157392,165684,179439,181704,182280,184991,192247,195283,208366,194463,211501,234870,240402,248030,262523,269150,288463,315764,334499,337681,345624,340256,349199,370345,386569,387596,384123,386854,402296,462498
" ""06049""","Modoc, CA",8,CAINC1,2,...,Population (persons) 1/,Number of persons,7261,7531,7728,7778,7700,7907,7853,7970,8231,8291,8443,8689,8988,9268,9467,9630,9499,9368,9350,9361,9662,9677,9779,9859,9700,9835,9761,9864,9861,9611,9509,9406,9350,9362,9501,9605,9565,9617,9525,9551,9646,9698,9513,9358,9154,9078,9064,8957,8864,8816,8866,8763
" ""06049""","Modoc, CA",8,CAINC1,3,...,Per capita personal income (dollars) 2/,Dollars,4388,4480,4875,4824,6561,6689,6986,7606,6891,8433,9731,12646,10954,11416,11962,12798,11879,12118,13225,14372,14929,15599,16095,16805,18499,18475,18674,18754,19496,20319,21913,20674,22620,25088,25303,25823,27446,27987,30285,33061,34677,34820,36332,36360,38147,40796,42649,43273,43335,43881,45375,52779
" ""06051""","Mono, CA",8,CAINC1,1,...,Personal income (thousands of dollars),Thousands of dollars,15565,18289,21715,27353,33718,38351,45835,49681,50078,65992,78502,97473,109386,122308,123469,127699,134703,141653,147421,165863,182211,184067,183062,200639,215305,224067,231272,243938,264317,285700,313114,343483,397357,418477,460658,482500,522201,512747,518320,543945,532834,569938,585567,566447,567868,589132,597367,615075,688756,671007,713187,793348
" ""06051""","Mono, CA",8,CAINC1,2,...,Population (persons) 1/,Number of persons,3780,4130,4529,5003,6447,6769,7141,7104,7335,7077,8192,8648,8916,9278,9225,8790,8806,8795,8916,9071,9514,10126,10044,10372,10917,11447,11649,11766,11998,12110,12589,12921,13224,13404,13352,13360,13474,13743,13678,13862,14008,14256,14424,14328,14064,14130,14074,14256,14333,14400,14450,14534
" ""06051""","Mono, CA",8,CAINC1,3,...,Per capita personal income (dollars) 2/,Dollars,4118,4428,4795,5467,5230,5666,6419,6993,6827,9325,9583,11271,12269,13183,13384,14528,15297,16106,16534,18285,19152,18178,18226,19344,19722,19574,19853,20732,22030,23592,24872,26583,30048,31220,34501,36115,38756,37310,37894,39240,38038,39979,40597,39534,40377,41694,42445,43145,48054,46598,49356,54586
" ""06053""","Monterey, CA",8,CAINC1,1,...,Personal income (thousands of dollars),Thousands of dollars,1259691,1364273,1537357,1643539,1839849,2050129,2188715,2290452,2521308,2899743,3121866,3501254,4033236,4272966,4758124,5114759,5407320,5844931,6250071,6594700,6966343,7392202,7561106,8218602,8362212,8382230,8927730,9262660,10006265,10873191,11647384,12812956,12917703,13033532,13657901,14053421,14581522,15813411,16465641,16479129,16424781,17060716,17489872,18348248,19140149,20266335,21914475,22584392,23073699,23238872,24505664,26504847
" ""06053""","Monterey, CA",8,CAINC1,2,...,Population (persons) 1/,Number of persons,255128,248235,252730,254140,255261,263534,270976,275942,281545,284129,286882,292406,299677,306241,313698,321458,328102,335849,341268,345947,349872,357535,364805,371860,371002,352363,355486,362215,376794,387889,396267,402990,407082,408977,409725,408731,405139,401831,402376,406022,410263,416358,420379,424222,426163,427985,430178,433436,433803,433359,433380,430906
" ""06053""","Monterey, CA",8,CAINC1,3,...,Per capita personal income (dollars) 2/,Dollars,4937,5496,6083,6467,7208,7779,8077,8300,8955,10206,10882,11974,13459,13953,15168,15911,16481,17403,18314,19063,19911,20675,20726,22101,22540,23789,25114,25572,26556,28032,29393,31795,31732,31869,33334,34383,35991,39353,40921,40587,40035,40976,41605,43252,44913,47353,50943,52105,53189,53625,56545,61510
" ""06055""","Napa, CA",8,CAINC1,1,...,Personal income (thousands of dollars),Thousands of dollars,357485,381497,416801,448277,508478,578763,674732,745064,827296,943170,1055709,1166017,1326710,1427348,1519183,1658126,1788105,1920241,2007907,2184268,2416052,2568559,2715890,2842249,2959035,3089928,3225147,3460698,3717064,3977695,4355769,4796165,5205625,5288779,5353383,5427080,5745111,6098894,6344502,6384619,6225337,6393827,6671541,7388952,7691668,8344381,9009772,9526469,9721256,9725771,10172517,11204631
" ""06055""","Napa, CA",8,CAINC1,2,...,Population (persons) 1/,Number of persons,76688,79562,81771,83208,87718,90759,93627,94964,96521,96437,98789,99331,99662,101178,101549,101902,103014,104237,105010,106130,108662,111284,112233,114322,114972,116077,116697,117996,119808,121583,123026,124565,126818,128744,130138,130387,130381,131440,132583,134093,135280,136752,137668,138504,139522,140331,140766,140778,139818,138620,137678,135965
" ""06055""","Napa, CA",8,CAINC1,3,...,Per capita personal income (dollars) 2/,Dollars,4662,4795,5097,5387,5797,6377,7207,7846,8571,9780,10687,11739,13312,14107,14960,16272,17358,18422,19121,20581,22235,23081,24199,24862,25737,26620,27637,29329,31025,32716,35405,38503,41048,41080,41136,41623,44064,46401,47853,47613,46018,46755,48461,53348,55129,59462,64005,67670,69528,70161,73886,82408
" ""06057""","Nevada, CA",8,CAINC1,1,...,Personal income (thousands of dollars),Thousands of dollars,97001,108573,122940,140245,162492,188706,223253,265836,311089,371055,429438,509274,578703,620204,690867,805150,878652,971963,1054609,1187779,1334575,1446166,1524125,1621969,1686557,1781977,1875932,1992054,2196255,2408211,2576758,2923221,3181691,3219796,3370332,3670987,3822261,4142506,4350332,4324041,4281499,4478953,4683506,4830889,4908213,5192011,5376000,5630050,5723936,5837515,6047495,6462031
" ""06057""","Nevada, CA",8,CAINC1,2,...,Population (persons) 1/,Number of persons,25264,26593,27421,28669,31307,32975,34629,37383,40537,44623,48351,52568,56160,59087,60782,62829,65287,67718,70556,73369,76133,79172,81288,82920,83887,85185,86523,87861,89137,90170,90899,92520,93715,94647,95606,96512,97250,97549,97794,98200,98591,98795,98716,98165,97969,98605,98716,98939,99421,99472,99648,99606
" ""06057""","Nevada, CA",8,CAINC1,3,...,Per capita personal income (dollars) 2/,Dollars,3839,4083,4483,4892,5190,5723,6447,7111,7674,8315,8882,9688,10305,10496,11366,12815,13458,14353,14947,16189,17530,18266,18750,19561,20105,20919,21681,22673,24639,26707,28347,31596,33951,34019,35252,38037,39303,42466,44485,44033,43427,45336,47444,49212,50100,52655,54459,56904,57573,58685,60689,64876
" ""06059""","Orange, CA",8,CAINC1,1,...,Personal income (thousands of dollars),Thousands of dollars,6636881,7268635,7840175,8874824,10019419,11328476,12763654,14533896,16687152,19434975,22419698,25861219,29498713,31303477,33748741,37900312,41259710,44494951,48259164,52814807,56878330,60264357,62297569,65961473,67381872,69577422,73434653,78878757,85557767,92911626,99462884,109056375,113236454,115705093,122345010,129684436,138519914,148803124,149852267,147242643,139260724,149629013,155868197,168975217,168569870,176514826,190099624,197195439,205052301,212902232,221803099,236303451
" ""06059""","Orange, CA",8,CAINC1,2,...,Population (persons) 1/,Number of persons,1376796,1432621,1484217,1536789,1607146,1669064,1725693,1772685,1812147,1853136,1891962,1948067,2004806,2045925,2088886,2123362,2171930,2228895,2281486,2333101,2383920,2418986,2452691,2497014,2532639,2566599,2603678,2643996,2709277,2773187,2815933,2854513,2885457,2908245,2929376,2941711,2940055,2932261,2931629,2957593,2987177,3016376,3050199,3078710,3105262,3126523,3148952,3164277,3174159,3175579,3170851,3166857
" ""06059""","Orange, CA",8,CAINC1,3,...,Per capita personal income (dollars) 2/,Dollars,4821,5074,5282,5775,6234,6787,7396,8199,9208,10488,11850,13275,14714,15300,16156,17849,18997,19963,21153,22637,23859,24913,25400,26416,26605,27109,28204,29833,31580,33504,35321,38205,39244,39785,41765,44085,47115,50747,51116,49785,46620,49606,51101,54885,54285,56457,60369,62319,64601,67044,69951,74618
" ""06061""","Placer, CA",8,CAINC1,1,...,Personal income (thousands of dollars),Thousands of dollars,321996,358492,397642,444821,505118,581453,665262,768843,872858,1032587,1198669,1384860,1556570,1683448,1866136,2113819,2340110,2571085,2822778,3154563,3541921,3886679,4210579,4526176,4780887,5226438,5769344,6345298,7001063,7745495,8646200,9482624,10712853,11109454,12016368,13122773,13946156,15011873,15539829,16198698,15866537,16689297,17722077,18953589,19543115,20671124,22159724,23320664,24511437,25742470,26970709,29124683
" ""06061""","Placer, CA",8,CAINC1,2,...,Population (persons) 1/,Number of persons,75693,78215,80905,83119,85493,88238,90854,95382,99562,107673,112758,118332,122444,126216,128535,132575,136789,141432,147363,153610,162658,175477,181611,187268,192655,199290,207071,214726,222168,231179,240928,251012,263615,276907,290726,302841,312762,321934,329023,337568,343810,350007,356323,360269,365415,369241,372870,379046,385348,392735,398918,402950
" ""06061""","Placer, CA",8,CAINC1,3,...,Per capita personal income (dollars) 2/,Dollars,4254,4583,4915,5352,5908,6590,7322,8061,8767,9590,10630,11703,12713,13338,14519,15944,17107,18179,19155,20536,21775,22149,23185,24170,24816,26225,27862,29551,31512,33504,35887,37778,40638,40120,41332,43332,44590,46630,47230,47986,46149,47683,49736,52610,53482,55983,59430,61525,63609,65547,67610,72279
" ""06063""","Plumas, CA",8,CAINC1,1,...,Personal income (thousands of dollars),Thousands of dollars,50151,52439,55950,61313,69600,78435,90276,100414,112843,132002,149568,167947,185383,190957,210907,227825,242343,256852,271517,287599,318085,334710,357394,380611,400985,409561,417761,451113,485430,494242,516372,539443,602909,612716,646554,694416,693817,728073,743810,761757,753447,779485,781277,769570,783271,820503,840810,865451,888530,931809,972484,1043743
" ""06063""","Plumas, CA",8,CAINC1,2,...,Population (persons) 1/,Number of persons,11637,11778,12125,12509,13139,13577,13991,14185,15077,15760,16701,17440,17808,18176,18024,18154,18606,18693,19014,19316,19410,19826,20167,20736,20931,20786,20823,20780,20853,20831,20921,20754,20820,20866,20957,21000,21010,20762,20667,20410,20169,19915,19720,19380,18901,18631,18435,18691,18680,18830,19052,18967
" ""06063""","Plumas, CA",8,CAINC1,3,...,Per capita personal income (dollars) 2/,Dollars,4310,4452,4614,4902,5297,5777,6452,7079,7484,8376,8956,9630,10410,10506,11701,12550,13025,13741,14280,14889,16388,16882,17722,18355,19157,19704,20062,21709,23279,23726,24682,25992,28958,29364,30851,33067,33023,35068,35990,37323,37357,39141,39619,39709,41441,44040,45609,46303,47566,49485,51044,55029
" ""06065""","Riverside, CA",8,CAINC1,1,...,Personal income (thousands of dollars),Thousands of dollars,1862159,2083357,2279187,2547631,2870842,3218118,3655601,4150973,4702798,5477054,6196816,7162583,8255880,8973749,9906355,11298179,12620279,14127666,15670115,17724942,20109482,22317294,23056726,24204819,25031722,25797458,26843027,28296188,30054214,32844459,35126410,38087344,41383374,43851365,47712339,51907869,56606529,62182407,65615218,66862826,65663326,68084905,72170010,74093810,76470084,80268670,85386347,89644299,93156635,97619217,102037774,114090413
" ""06065""","Riverside, CA",8,CAINC1,2,...,Population (persons) 1/,Number of persons,450477,460682,477557,493221,497917,515875,528632,548029,577957,611852,640044,669473,693249,719842,746898,783202,825685,871209,930059,995977,1084568,1193156,1246326,1286364,1315090,1346651,1373034,1393732,1423934,1461916,1507912,1558985,1616634,1687147,1771656,1856542,1931785,2012370,2075183,2109712,2146725,2201562,2233840,2260763,2286087,2315238,2344648,2378282,2413058,2443221,2465569,2489188
" ""06065""","Riverside, CA",8,CAINC1,3,...,Per capita personal income (dollars) 2/,Dollars,4134,4522,4773,5165,5766,6238,6915,7574,8137,8952,9682,10699,11909,12466,13263,14426,15285,16216,16849,17797,18541,18704,18500,18816,19034,19157,19550,20302,21106,22467,23295,24431,25598,25991,26931,27959,29303,30900,31619,31693,30588,30926,32308,32774,33450,34670,36418,37693,38605,39955,41385,45834
" ""06067""","Sacramento, CA",8,CAINC1,1,...,Personal income (thousands of dollars),Thousands of dollars,2732854,3052926,3339607,3659320,3998873,4463517,4994713,5537299,6145803,7013224,7919180,8801458,9737978,10497916,11346428,12680000,14084445,15353717,16576794,18021793,19840503,21680967,22878059,24149993,24530951,25624032,27129856,28024333,29539530,31680593,33801907,36899255,40067389,41749242,44134342,46348308,48110366,50880943,53181367,54671667,53441734,54558002,57132401,59258490,61376100,65113434,69709757,72128370,75062017,78804776,82669864,90908707
" ""06067""","Sacramento, CA",8,CAINC1,2,...,Population (persons) 1/,Number of persons,618673,637288,653795,669351,669930,683553,697353,711755,727571,748281,768490,788275,806297,832148,852626,869581,891113,916044,948523,979279,1008753,1075819,1107559,1121523,1127608,1130094,1140825,1155635,1169855,1186617,1206659,1229940,1266257,1301079,1328531,1348932,1360816,1369563,1381161,1394438,1408601,1421381,1433712,1444819,1457283,1474828,1493547,1511401,1527984,1539550,1551660,1559146
" ""06067""","Sacramento, CA",8,CAINC1,3,...,Per capita personal income (dollars) 2/,Dollars,4417,4790,5108,5467,5969,6530,7162,7780,8447,9372,10305,11165,12077,12615,13308,14582,15805,16761,17476,18403,19668,20153,20656,21533,21755,22674,23781,24250,25251,26698,28013,30001,31642,32088,33220,34359,35354,37151,38505,39207,37940,38384,39849,41014,42117,44150,46674,47723,49125,51187,53278,58307
" ""06069""","San Benito, CA",8,CAINC1,1,...,Personal income (thousands of dollars),Thousands of dollars,76759,76426,82790,93200,110675,119785,129632,139362,163607,182927,204610,247697,272003,298892,330883,374797,405556,449223,490224,539333,597806,650233,671811,717687,780398,836636,925313,1012952,1145755,1266128,1385198,1571721,1518011,1527703,1604655,1675655,1733939,1852266,1992155,1999004,1957298,1991175,2079534,2158752,2267628,2361714,2596628,2772583,2954846,3113924,3316389,3894963
" ""06069""","San Benito, CA",8,CAINC1,2,...,Population (persons) 1/,Number of persons,18103,18249,18673,19087,19658,20202,20916,21870,22757,23638,24319,25194,25905,26916,27758,28959,30392,31649,32952,34374,36137,36835,37329,38321,39495,40786,42334,44169,46707,49071,51467,53781,54644,55056,55198,54849,54647,54124,54072,54267,54436,55544,56094,56704,57320,57891,58276,59270,60190,61415,62803,64055
" ""06069""","San Benito, CA",8,CAINC1,3,...,Per capita personal income (dollars) 2/,Dollars,4240,4188,4434,4883,5630,5929,6198,6372,7189,7739,8414,9832,10500,11105,11920,12942,13344,14194,14877,15690,16543,17653,17997,18728,19759,20513,21857,22934,24531,25802,26914,29224,27780,27748,29071,30550,31730,34223,36843,36836,35956,35849,37072,38071,39561,40796,44557,46779,49092,50703,52806,60807
" ""06071""","San Bernardino, CA",8,CAINC1,1,...,Personal income (thousands of dollars),Thousands of dollars,2541741,2827361,3047138,3400374,3743575,4207615,4758535,5355557,5994319,6889969,7823431,9005541,10304066,11079952,12141951,13551047,15134028,16727342,18523952,20359750,22546611,24851012,25845047,27061878,27600340,28308946,29258132,30480040,32238233,34646404,36613798,39033879,41725134,43884259,46927107,50672642,53690193,57077496,59640077,60087777,58268275,59989765,63359399,64930594,66581008,70474192,74846227,77937754,80570617,83984928,88261041,98143792
" ""06071""","San Bernardino, CA",8,CAINC1,2,...,Population (persons) 1/,Number of persons,671688,682857,693604,696255,704268,713868,719939,734488,769670,823881,856803,902956,932934,966760,996565,1027817,1072242,1124169,1192197,1271189,1352911,1437315,1492824,1534977,1549427,1558854,1576773,1596584,1618438,1646304,1681601,1718037,1760731,1799791,1846115,1899065,1943924,1974140,1992161,2003735,2013960,2040803,2060596,2073088,2082101,2098346,2114352,2130726,2149847,2165627,2177279,2189183
" ""06071""","San Bernardino, CA",8,CAINC1,3,...,Per capita personal income (dollars) 2/,Dollars,3784,4140,4393,4884,5316,5894,6610,7292,7788,8363,9131,9973,11045,11461,12184,13184,14114,14880,15538,16016,16665,17290,17313,17630,17813,18160,18556,19091,19919,21045,21773,22720,23698,24383,25419,26683,27619,28913,29937,29988,28932,29395,30748,31321,31978,33586,35399,36578,37477,38781,40537,44831
" ""06073""","San Diego, CA",8,CAINC1,1,...,Personal income (thousands of dollars),Thousands of dollars,6339971,7021079,7542007,8389601,9259626,10346671,11572053,12917968,14430966,16558724,18772293,21673970,24710161,26771408,28899057,32418187,35569628,38773644,41871173,46018825,50000601,52763858,55032226,57832374,59175096,60899000,63689849,67919229,72640103,80340377,87435203,95759629,98500708,102424167,108072559,116712463,122069367,128619711,132558872,135573433,130932057,135927888,144239664,151467749,156734939,166463498,176111921,181985201,188526586,195679529,202642332,220825596
" ""06073""","San Diego, CA",8,CAINC1,2,...,Population (persons) 1/,Number of persons,1340989,1365976,1391925,1433126,1499594,1540667,1616907,1642781,1715527,1775410,1827602,1875620,1927018,1972354,2018133,2066419,2126090,2196834,2275309,2364284,2444380,2512365,2553122,2593126,2599776,2614685,2623697,2651549,2692600,2736720,2789593,2827366,2869672,2900355,2914702,2930007,2938375,2947289,2975742,3022116,3061203,3103260,3137236,3175148,3210788,3249307,3280825,3305462,3319019,3332483,3330459,3332427
" ""06073""","San Diego, CA",8,CAINC1,3,...,Per capita personal income (dollars) 2/,Dollars,4728,5140,5418,5854,6175,6716,7157,7863,8412,9327,10272,11556,12823,13573,14320,15688,16730,17650,18402,19464,20455,21002,21555,22302,22762,23291,24275,25615,26978,29356,31343,33869,34325,35314,37078,39834,41543,43640,44546,44860,42771,43802,45977,47704,48815,51230,53679,55056,56802,58719,60845,66266
" ""06075""","San Francisco, CA",8,CAINC1,1,...,Personal income (thousands of dollars),Thousands of dollars,4303674,4650734,4930322,5283807,5615079,6114566,6678535,7180905,7805609,8565004,9402800,10356914,11676095,12458761,13555431,14897365,15777448,16827295,17495054,19447280,20227045,21213180,22633402,23563588,24191204,24863059,27066266,29065413,30765854,34892823,38300048,44368291,44413957,42738851,42740391,45369340,49922632,55608852,58639892,59533888,57454382,60976104,65409641,72728986,74545726,83383919,91384623,98482927,104937684,113724925,117635944,125499720
" ""06075""","San Francisco, CA",8,CAINC1,2,...,Population (persons) 1/,Number of persons,726294,712874,708077,700199,699954,698372,686069,686114,679424,677663,675835,680830,686915,695546,704809,713196,727977,737396,736499,730471,725889,723496,729708,734861,740277,742316,746386,753934,762953,770262,774716,777885,780865,772723,766160,761325,763016,768650,778673,791152,801922,805519,815694,828963,839695,850918,863237,871343,877471,879676,878826,866606
" ""06075""","San Francisco, CA",8,CAINC1,3,...,Per capita personal income (dollars) 2/,Dollars,5926,6524,6963,7546,8022,8755,9734,10466,11489,12639,13913,15212,16998,17912,19233,20888,21673,22820,23754,26623,27865,29320,31017,32065,32679,33494,36263,38552,40325,45300,49438,57037,56878,55309,55785,59593,65428,72346,75307,75250,71646,75698,80189,87735,88777,97993,105863,113024,119591,129280,133856,144818
" ""06077""","San Joaquin, CA",8,CAINC1,1,...,Personal income (thousands of dollars),Thousands of dollars,1186141,1278250,1390528,1528236,1704543,1936888,2130146,2320183,2556555,2868968,3245393,3690850,4075817,4347135,4579513,5152677,5582735,6027045,6557228,7080526,7667579,8146661,8542060,9149223,9543968,9904668,10231273,10809337,11536532,12235426,13093852,14255445,15555713,16248804,17343135,18490766,19562448,20684485,21458733,21548167,21601380,22288884,22958164,23706455,24670582,26186796,28217011,29637817,30921146,32419031,34327494,39793150
" ""06077""","San Joaquin, CA",8,CAINC1,2,...,Population (persons) 1/,Number of persons,284769,291488,296167,300221,303896,306658,309750,317671,320840,332685,338384,350304,361462,373479,385721,398731,416042,430786,445726,457138,466863,484131,492694,500278,506385,512212,517923,524657,531908,540257,552424,567885,591207,609041,626778,642898,656985,662812,668080,671692,677736,687115,694265,699444,701831,711296,721919,732662,743286,752590,761571,767967
" ""06077""","San Joaquin, CA",8,CAINC1,3,...,Per capita personal income (dollars) 2/,Dollars,4165,4385,4695,5090,5609,6316,6877,7304,7968,8624,9591,10536,11276,11640,11873,12923,13419,13991,14711,15489,16424,16827,17337,18288,18847,19337,19754,20603,21689,22647,23703,25103,26312,26679,27670,28762,29776,31207,32120,32080,31873,32438,33068,33893,35152,36816,39086,40452,41601,43077,45075,51816
" ""06079""","San Luis Obispo, CA",8,CAINC1,1,...,Personal income (thousands of dollars),Thousands of dollars,370319,410874,455874,513809,581196,673901,767457,874841,975928,1152991,1312402,1486564,1672093,1796170,2166411,2382952,2551924,2778742,3019418,3313775,3667188,3833545,4009496,4249317,4403078,4571999,4835554,5211367,5670563,6066905,6468199,7011298,7659871,7939655,8266467,8801774,9183021,9918182,10517099,10572271,10444391,10803268,11463052,12082424,12477912,13285785,14187506,14571771,15312769,15837457,16594194,17595857
" ""06079""","San Luis Obispo, CA",8,CAINC1,2,...,Population (persons) 1/,Number of persons,102648,106280,109301,115484,119843,125535,126456,134260,138635,145914,150850,156786,161886,166563,171365,177566,185248,192497,199345,204261,213314,218276,219895,221848,223370,226228,229370,232976,236601,240020,243480,247839,251462,253083,254674,256842,258615,260498,262770,266358,268145,269800,271056,274174,275713,278271,280138,281884,282473,283250,282728,282249
" ""06079""","San Luis Obispo, CA",8,CAINC1,3,...,Per capita personal income (dollars) 2/,Dollars,3608,3866,4171,4449,4850,5368,6069,6516,7040,7902,8700,9481,10329,10784,12642,13420,13776,14435,15147,16223,17192,17563,18234,19154,19712,20210,21082,22369,23967,25277,26566,28290,30461,31372,32459,34269,35508,38074,40024,39692,38951,40042,42290,44068,45257,47744,50645,51694,54210,55913,58693,62342
" ""06081""","San Mateo, CA",8,CAINC1,1,...,Personal income (thousands of dollars),Thousands of dollars,3123287,3396500,3614125,3903300,4242250,4686917,5203716,5657978,6173345,6914238,7736953,8793648,10013704,10779316,11637853,13005025,13808024,14614283,15410796,16788612,18167272,19059475,19840936,20998255,21987267,22916839,24645054,27561377,28819204,32365280,37115539,43387478,41385877,38485622,38762224,41500918,44864611,49840742,52769774,52739252,50822072,52791686,57604821,64531912,65049112,70106572,77512929,81488827,89223457,96306358,101056496,107559149
" ""06081""","San Mateo, CA",8,CAINC1,2,...,Population (persons) 1/,Number of persons,552230,557022,556302,559525,567149,568431,575390,580571,581775,582630,585612,588442,591734,595851,606455,613706,620182,621584,628256,636614,646078,650174,655493,662931,669581,674871,679690,687243,697512,702651,704538,707820,705621,697628,693057,690161,690078,690176,693849,703830,713617,719948,728945,739700,749131,757653,765479,767928,768658,768410,764810,758308
" ""06081""","San Mateo, CA",8,CAINC1,3,...,Per capita personal income (dollars) 2/,Dollars,5656,6098,6497,6976,7480,8245,9044,9746,10611,11867,13212,14944,16923,18091,19190,21191,22264,23511,24529,26372,28119,29314,30269,31675,32837,33957,36259,40104,41317,46062,52681,61297,58652,55166,55929,60132,65014,72215,76054,74932,71218,73327,79025,87241,86833,92531,101261,106115,116077,125332,132133,141841
" ""06083""","Santa Barbara, CA",8,CAINC1,1,...,Personal income (thousands of dollars),Thousands of dollars,1241440,1338257,1429790,1570222,1743627,1920803,2119517,2347422,2583164,2951811,3314174,3773852,4302836,4651106,5036726,5669668,6103760,6499147,6868749,7424092,8026689,8303443,8770037,9134464,9333973,9654421,9863506,10319542,10720989,11637434,12375897,13452206,13712910,13646282,14366153,16035779,16951642,18293482,18830753,18849505,18457537,19169008,20436051,21686257,21700940,23100937,24586718,24957074,25871490,27072460,27937231,30190183
" ""06083""","Santa Barbara, CA",8,CAINC1,2,...,Population (persons) 1/,Number of persons,261991,265291,269930,276957,277414,278431,282626,286075,290381,295397,295423,300191,305588,313073,322294,329133,338569,345651,352021,355810,365695,370565,374910,378003,380064,384226,384582,386108,391290,394738,396906,399990,403164,405178,406810,407284,408079,408085,411243,415859,420356,424218,425404,429635,434503,438921,442051,444112,444998,445137,445464,444766
" ""06083""","Santa Barbara, CA",8,CAINC1,3,...,Per capita personal income (dollars) 2/,Dollars,4738,5044,5297,5670,6285,6899,7499,8206,8896,9993,11218,12572,14081,14856,15628,17226,18028,18803,19512,20865,21949,22408,23392,24165,24559,25127,25647,26727,27399,29481,31181,33631,34013,33680,35314,39372,41540,44828,45790,45327,43909,45187,48039,50476,49944,52631,55620,56195,58138,60818,62715,67879
" ""06085""","Santa Clara, CA",8,CAINC1,1,...,Personal income (thousands of dollars),Thousands of dollars,5049817,5457701,5873789,6517149,7271881,8156913,9058941,10109837,11317283,12996517,15046841,17354451,19716422,21602443,23832046,26633678,28282032,29354409,31164361,34126180,36627843,38415902,40001490,43033325,43837274,45631137,50281159,54703593,60671253,65676125,74026124,92231220,86910592,81264803,81820270,84274714,89161738,98273958,106696523,106581681,100257652,108989948,119345365,132870454,135196583,148233453,163485579,177057092,191942970,209319322,220402406,235835442
" ""06085""","Santa Clara, CA",8,CAINC1,2,...,Population (persons) 1/,Number of persons,1033442,1071425,1100482,1138754,1163918,1164621,1192772,1206702,1231639,1260365,1271379,1301515,1324722,1345039,1374018,1396226,1419520,1429933,1447591,1472234,1498121,1498307,1513118,1531886,1549185,1561366,1580245,1608695,1637414,1658960,1671498,1684947,1688082,1669348,1663592,1663167,1675312,1691159,1712026,1740964,1765137,1786001,1811891,1837605,1866050,1891286,1915736,1928144,1932251,1931985,1922411,1907105
" ""06085""","Santa Clara, CA",8,CAINC1,3,...,Per capita personal income (dollars) 2/,Dollars,4886,5094,5337,5723,6248,7004,7595,8378,9189,10312,11835,13334,14883,16061,17345,19075,19924,20529,21528,23180,24449,25640,26436,28092,28297,29225,31819,34005,37053,39589,44287,54738,51485,48681,49183,50671,53221,58110,62322,61220,56799,61025,65868,72306,72451,78377,85338,91828,99336,108344,114649,123661
" ""06087""","Santa Cruz, CA",8,CAINC1,1,...,Personal income (thousands of dollars),Thousands of dollars,508952,558375,623329,707795,820147,937464,1063053,1217157,1397624,1611473,1837404,2135900,2424888,2594812,2917647,3238443,3433684,3683657,3951216,4325897,4591240,4982518,5180197,5538322,5753255,5977393,6380484,6871429,7418152,7994273,8842512,10224645,10171400,9946642,10037173,10401614,10466734,11070833,11676346,12033140,11727141,12679406,13136782,13968199,14312814,14978228,15829919,16299041,17265154,17996936,18825262,20502635
" ""06087""","Santa Cruz, CA",8,CAINC1,2,...,Population (persons) 1/,Number of persons,122243,124788,129886,141878,145347,149828,158622,168026,175132,174865,184041,189305,193590,197353,201921,205964,212143,216661,221202,225700,231463,229616,229935,232912,235386,237714,239324,241168,245344,250889,253667,255835,256045,254531,253021,252356,251377,251616,253304,256520,260009,263174,264927,266391,268836,270863,273495,274476,274865,273713,272870,269925
" ""06087""","Santa Cruz, CA",8,CAINC1,3,...,Per capita personal income (dollars) 2/,Dollars,4163,4475,4799,4989,5643,6257,6702,7244,7980,9216,9984,11283,12526,13148,14449,15723,16186,17002,17862,19167,19836,21699,22529,23779,24442,25145,26660,28492,30236,31864,34859,39966,39725,39078,39669,41218,41638,43999,46096,46909,45103,48179,49586,52435,53240,55298,57880,59382,62813,65751,68990,75957
" ""06089""","Shasta, CA",8,CAINC1,1,...,Personal income (thousands of dollars),Thousands of dollars,289574,315205,348129,382075,434362,497975,562845,646233,728667,851500,974419,1083423,1179141,1260842,1371034,1513727,1615823,1744320,1897407,2093170,2323011,2541648,2713034,2896498,3010702,3135342,3249393,3378817,3562687,3751246,3939606,4185219,4587877,4758695,4914549,5062595,5172670,5540605,5782966,5811619,5853713,6100254,6243585,6370270,6472904,6896643,7305880,7515347,7782259,8003884,8338615,9246550
" ""06089""","Shasta, CA",8,CAINC1,2,...,Population (persons) 1/,Number of persons,76290,77980,79434,80656,84249,86651,92082,94909,100157,103572,112199,116590,120270,121513,122807,125322,128461,130119,132958,136627,140997,148606,153746,156800,157735,158621,159198,159737,160761,162034,161987,163615,166408,170198,173202,174867,175615,176166,176548,177247,177279,177277,177613,177908,178447,178904,178386,178592,179403,179666,179645,179027
" ""06089""","Shasta, CA",8,CAINC1,3,...,Per capita personal income (dollars) 2/,Dollars,3796,4042,4383,4737,5156,5747,6112,6809,7275,8221,8685,9293,9804,10376,11164,12079,12578,13406,14271,15320,16476,17103,17646,18473,19087,19766,20411,21152,22161,23151,24321,25580,27570,27960,28375,28951,29455,31451,32756,32788,33020,34411,35153,35807,36274,38549,40955,42081,43379,44549,46417,51649
" ""06091""","Sierra, CA",8,CAINC1,1,...,Personal income (thousands of dollars),Thousands of dollars,9138,9670,12820,12259,14952,15508,16473,20212,21277,23052,26341,29394,30397,33143,36238,39452,43911,46687,48679,51075,54300,51152,53044,57086,61239,61897,64494,69486,73875,76301,80694,84129,90467,85831,87855,88413,88894,90534,93913,93753,96488,102635,105101,109439,110719,115186,113967,117912,125014,126640,134432,143487
" ""06091""","Sierra, CA",8,CAINC1,2,...,Population (persons) 1/,Number of persons,2387,2391,2444,2381,2469,2470,2699,2862,2898,2887,3037,3076,3083,3276,3292,3273,3270,3237,3251,3328,3310,3323,3336,3322,3395,3396,3466,3498,3488,3515,3480,3574,3518,3482,3511,3430,3378,3424,3373,3320,3248,3220,3100,3068,3031,2976,2990,2956,3008,2961,2959,2920
" ""06091""","Sierra, CA",8,CAINC1,3,...,Per capita personal income (dollars) 2/,Dollars,3828,4044,5245,5149,6056,6279,6103,7062,7342,7985,8673,9556,9860,10117,11008,12054,13428,14423,14974,15347,16405,15393,15900,17184,18038,18226,18608,19864,21180,21707,23188,23539,25715,24650,25023,25776,26316,26441,27843,28239,29707,31874,33904,35671,36529,38705,38116,39889,41561,42769,45432,49139
" ""06093""","Siskiyou, CA",8,CAINC1,1,...,Personal income (thousands of dollars),Thousands of dollars,130861,137628,149097,161325,191902,205815,225824,254946,267553,308623,344584,400022,414540,431378,454416,487601,504388,531836,561115,600111,651128,684812,720214,743527,771125,799885,823423,866039,892634,933987,964278,1017802,1076374,1112254,1140964,1212711,1207718,1290718,1352813,1423276,1375806,1421731,1487316,1492602,1514642,1605053,1744696,1797512,1831852,1870885,1928087,2147709
" ""06093""","Siskiyou, CA",8,CAINC1,2,...,Population (persons) 1/,Number of persons,33022,33258,33382,33514,34318,34568,34947,35639,36581,37647,38781,39952,40757,41279,41212,41267,41586,41178,41403,42026,42851,43743,44035,44298,44150,44405,44760,44707,45030,44848,44424,44218,43908,43965,44287,44394,44641,44487,44465,44780,44788,44941,44622,44091,43550,43357,43275,43402,43647,43624,43663,43245
" ""06093""","Siskiyou, CA",8,CAINC1,3,...,Per capita personal income (dollars) 2/,Dollars,3963,4138,4466,4814,5592,5954,6462,7154,7314,8198,8885,10013,10171,10450,11026,11816,12129,12916,13553,14280,15195,15655,16355,16785,17466,18013,18396,19371,19823,20826,21706,23018,24514,25299,25763,27317,27054,29013,30424,31784,30718,31635,33331,33853,34779,37019,40316,41415,41970,42887,44158,49664
" ""06095""","Solano, CA",8,CAINC1,1,...,Personal income (thousands of dollars),Thousands of dollars,706139,786126,873836,959760,1061626,1215018,1381732,1522717,1709435,1964146,2210169,2529292,2844830,3126582,3450873,3832150,4257748,4653790,5037305,5505874,6104537,6823378,7095025,7490595,7767482,7796480,8006341,8331433,8865485,9490504,10186952,11274240,12238527,12633770,13106360,13485746,13876899,14626319,15305329,15553067,15336377,15523758,16105941,16427187,17081978,17878690,19133533,20204602,20994917,22000414,23216760,26229523
" ""06095""","Solano, CA",8,CAINC1,2,...,Population (persons) 1/,Number of persons,168394,173238,178481,181259,183223,187439,191535,197971,204713,213619,224455,237456,246003,254348,260386,264416,271634,283617,296835,310048,326074,343463,354104,359919,364251,366072,365395,367608,371881,378657,387657,396974,404209,408226,408409,409301,408181,408402,408243,408972,410290,413963,416325,419645,423634,428971,433378,438834,443554,445931,447434,446935
" ""06095""","Solano, CA",8,CAINC1,3,...,Per capita personal income (dollars) 2/,Dollars,4193,4538,4896,5295,5794,6482,7214,7692,8350,9195,9847,10652,11564,12293,13253,14493,15675,16409,16970,17758,18721,19866,20037,20812,21325,21298,21911,22664,23840,25064,26278,28400,30278,30948,32091,32948,33997,35814,37491,38030,37379,37500,38686,39145,40322,41678,44150,46042,47333,49336,51889,58688
" ""06097""","Sonoma, CA",8,CAINC1,1,...,Personal income (thousands of dollars),Thousands of dollars,863519,957026,1063234,1205719,1370646,1552265,1773564,2023175,2289555,2664526,3043203,3477261,3965958,4236873,4650295,5220940,5668660,6130011,6575465,7211764,8058225,8677571,9067260,9587374,10061979,10550598,11021041,11878837,12984551,14021391,14938217,16990757,17790249,17774429,18015377,18194304,18748317,20065258,20781276,20546186,19908814,20706909,21721132,22800347,23703525,25160288,27144768,28204208,29302060,30579770,31936312,34966152
" ""06097""","Sonoma, CA",8,CAINC1,2,...,Population (persons) 1/,Number of persons,200920,206003,212402,224091,237957,243028,253255,262654,273175,281442,291859,301586,308609,314636,321580,326863,335355,345270,356111,367893,380633,390495,397937,405151,410687,416152,422286,428399,437141,445901,453421,460421,465293,465298,466489,466809,465938,465188,467356,473091,479479,484675,487231,489784,493870,498317,500598,502445,502203,497221,492318,489819
" ""06097""","Sonoma, CA",8,CAINC1,3,...,Per capita personal income (dollars) 2/,Dollars,4298,4646,5006,5380,5760,6387,7003,7703,8381,9467,10427,11530,12851,13466,14461,15973,16903,17754,18465,19603,21171,22222,22786,23664,24500,25353,26099,27728,29703,31445,32946,36903,38235,38200,38619,38976,40238,43134,44466,43430,41522,42723,44581,46552,47995,50491,54225,56134,58347,61501,64869,71386
" ""06099""","Stanislaus, CA",8,CAINC1,1,...,Personal income (thousands of dollars),Thousands of dollars,716148,790180,854198,963489,1102270,1255143,1389427,1557694,1806559,2021879,2301197,2594554,2876552,3101512,3292851,3676102,4024487,4345529,4773624,5207829,5750412,6278916,6621270,6985482,7278578,7461839,7689849,8220856,8792202,9507374,10011568,10904210,11557561,12154126,12776796,13689671,14228421,14865192,15706619,15839650,15620894,16388842,17046112,17695226,18119224,19595042,21021674,21674497,22365427,22927585,23860986,26928822
" ""06099""","Stanislaus, CA",8,CAINC1,2,...,Population (persons) 1/,Number of persons,191271,195578,199698,201644,215178,222484,229518,236293,246995,247280,260933,267852,275137,280737,288504,293879,301285,311154,323380,336063,353017,375312,386163,394725,401805,406274,410337,415159,421264,428754,438609,449471,463761,477469,487357,492613,500020,504651,507834,509032,511536,515137,517515,520336,523313,527814,532954,538986,544494,547855,549761,550081
" ""06099""","Stanislaus, CA",8,CAINC1,3,...,Per capita personal income (dollars) 2/,Dollars,3744,4040,4277,4778,5123,5641,6054,6592,7314,8176,8819,9687,10455,11048,11414,12509,13358,13966,14762,15497,16289,16730,17146,17697,18115,18367,18740,19802,20871,22174,22826,24260,24921,25455,26217,27790,28456,29456,30929,31117,30537,31815,32938,34007,34624,37125,39444,40213,41076,41850,43402,48954
" ""06101""","Sutter, CA",8,CAINC1,1,...,Personal income (thousands of dollars),Thousands of dollars,192421,204339,224528,250572,291808,342946,372788,372426,417274,454381,502103,584279,638323,637210,654465,756029,822175,851593,916096,976389,1074611,1126275,1247510,1348397,1412370,1507115,1577045,1638652,1707884,1817339,1978165,2055784,2050560,2132285,2286118,2463782,2576108,2823356,3056188,3217790,3248463,3266407,3362999,3338879,3492862,3551487,3827241,3934150,3992552,4175311,4366230,4889628
" ""06101""","Sutter, CA",8,CAINC1,2,...,Population (persons) 1/,Number of persons,41775,42140,43040,43177,45051,46202,47419,48687,49473,50050,51681,52580,53818,55230,56762,56648,57599,58478,59780,61075,62704,64854,67153,69118,70675,72641,74253,75255,76314,76923,78216,79192,80138,82162,84671,86484,88764,91112,92959,93855,94366,94742,94466,94153,94457,94721,95224,95769,96161,96348,96910,96385
" ""06101""","Sutter, CA",8,CAINC1,3,...,Per capita personal income (dollars) 2/,Dollars,4606,4849,5217,5803,6477,7423,7862,7649,8434,9079,9715,11112,11861,11537,11530,13346,14274,14563,15324,15987,17138,17366,18577,19509,19984,20747,21239,21775,22380,23625,25291,25959,25588,25952,27000,28488,29022,30988,32877,34285,34424,34477,35600,35462,36978,37494,40192,41080,41519,43336,45054,50730
" ""06103""","Tehama, CA",8,CAINC1,1,...,Personal income (thousands of dollars),Thousands of dollars,107513,114847,120165,131773,153083,161279,172576,196016,226656,264955,297956,337360,366382,399836,423700,458111,488210,519052,546480,588821,636776,668565,702202,759151,779289,811144,853583,909165,952148,967267,1021599,1091243,1176739,1241786,1305326,1398078,1497818,1569123,1694992,1690898,1739142,1818045,1900314,1992143,2008722,2163900,2282267,2319503,2462459,2521649,2657943,2967174
" ""06103""","Tehama, CA",8,CAINC1,2,...,Population (persons) 1/,Number of persons,29044,29614,30115,29971,30922,31880,32307,33357,34500,35936,37321,39165,40196,41329,42260,43203,44325,44845,45982,47173,48558,49913,51205,52189,52690,53670,54689,54943,55049,55394,55517,56170,56685,57380,58528,59571,60602,61587,62147,62648,62891,63562,63337,63213,62878,62797,63150,63468,63827,63904,65186,64494
" ""06103""","Tehama, CA",8,CAINC1,3,...,Per capita personal income (dollars) 2/,Dollars,3702,3878,3990,4397,4951,5059,5342,5876,6570,7373,7984,8614,9115,9674,10026,10604,11014,11574,11885,12482,13114,13395,13714,14546,14790,15114,15608,16547,17296,17462,18402,19428,20759,21641,22303,23469,24716,25478,27274,26990,27653,28603,30003,31515,31946,34459,36140,36546,38580,39460,40775,46007
" ""06105""","Trinity, CA",8,CAINC1,1,...,Personal income (thousands of dollars),Thousands of dollars,24847,26082,31386,35153,42406,48621,55034,62394,69833,79503,88608,99886,109652,112625,124185,133594,142174,151699,157590,171052,182730,188467,195575,208650,214451,219816,227387,237493,243477,244970,257798,266356,286076,296075,306383,316744,309821,318442,344508,357591,365372,381724,385631,386649,395072,423892,451520,452396,460139,481864,492978,536007
" ""06105""","Trinity, CA",8,CAINC1,2,...,Population (persons) 1/,Number of persons,7261,7687,7939,8273,8763,9096,9594,9855,10511,11178,11600,11955,12323,12316,12467,12750,12881,12811,12715,13051,13145,13052,13097,13216,13268,13552,13525,13485,13278,13171,13050,12980,12859,13064,13210,13159,13440,13634,13648,13656,13762,13755,13685,13494,13427,13126,13094,12827,12727,12598,12337,12216
" ""06105""","Trinity, CA",8,CAINC1,3,...,Per capita personal income (dollars) 2/,Dollars,3422,3393,3953,4249,4839,5345,5736,6331,6644,7112,7639,8355,8898,9145,9961,10478,11037,11841,12394,13106,13901,14440,14933,15788,16163,16220,16812,17612,18337,18599,19755,20520,22247,22663,23193,24071,23052,23356,25242,26186,26549,27752,28179,28653,29424,32294,34483,35269,36155,38249,39959,43877
" ""06107""","Tulare, CA",8,CAINC1,1,...,Personal income (thousands of dollars),Thousands of dollars,639343,699055,759398,861181,1020924,1185031,1262161,1413389,1555218,1774904,2100902,2324712,2447435,2638801,2712227,2983245,3151598,3369613,3721174,3978308,4240546,4685596,4808049,5357044,5506271,5771675,5895436,6353185,6476071,6901222,7175557,7377639,8082021,8307379,9006153,9940211,10473140,10820149,12323476,12323825,12112142,13310629,14150421,14225218,14557034,16048859,16464644,17256733,17803980,17927225,18648743,21722554
" ""06107""","Tulare, CA",8,CAINC1,2,...,Population (persons) 1/,Number of persons,185701,189191,194103,197643,201805,206589,213115,219123,225906,233220,240074,247426,253694,259759,267034,273255,280000,285767,291752,298075,304451,314062,323705,331956,339253,345668,348127,350732,354946,359854,364708,368627,373171,379568,388743,398226,407970,414921,422140,429283,436987,442953,446709,449625,452259,454858,456794,458991,462072,464279,465751,468680
" ""06107""","Tulare, CA",8,CAINC1,3,...,Per capita personal income (dollars) 2/,Dollars,3443,3695,3912,4357,5059,5736,5922,6450,6884,7610,8751,9396,9647,10159,10157,10917,11256,11791,12755,13347,13929,14919,14853,16138,16231,16697,16935,18114,18245,19178,19675,20014,21658,21886,23167,24961,25671,26078,29193,28708,27717,30050,31677,31638,32187,35283,36044,37597,38531,38613,40040,46348
" ""06109""","Tuolumne, CA",8,CAINC1,1,...,Personal income (thousands of dollars),Thousands of dollars,78490,84142,89915,95077,106182,127448,153240,182230,210213,244246,276939,316566,352255,371766,404684,451362,496067,553110,595685,647910,723581,790521,804781,874378,901177,934010,959701,1008539,1073237,1148914,1201131,1310238,1422983,1459831,1530907,1615115,1668750,1737302,1807415,1837505,1792445,1904236,1973610,2003233,1976962,2098047,2234222,2322864,2368572,2424695,2506335,2709838
" ""06109""","Tuolumne, CA",8,CAINC1,2,...,Population (persons) 1/,Number of persons,21286,22360,23057,23264,24173,24871,25964,26520,28441,30775,32850,34205,35246,36259,37255,38058,39741,41583,43335,45029,46877,48845,50037,50806,51774,52068,51812,52474,52678,53098,53857,54658,55253,55850,56513,56602,56788,56680,56339,56320,55845,55164,54808,54201,53975,53830,53599,53729,53953,54250,54290,54515
" ""06109""","Tuolumne, CA",8,CAINC1,3,...,Per capita personal income (dollars) 2/,Dollars,3687,3763,3900,4087,4393,5124,5902,6871,7391,7937,8430,9255,9994,10253,10863,11860,12482,13301,13746,14389,15436,16184,16084,17210,17406,17938,18523,19220,20374,21638,22302,23972,25754,26138,27089,28535,29386,30651,32081,32626,32097,34520,36010,36959,36627,38975,41684,43233,43901,44695,46166,49708
" ""06111""","Ventura, CA",8,CAINC1,1,...,Personal income (thousands of dollars),Thousands of dollars,1567032,1675029,1846661,2086155,2368468,2697313,3067325,3415649,3925078,4631103,5233301,6075966,6889811,7502143,8134982,9076701,9880063,10817704,11796155,12944377,13967127,14970554,15621492,16207128,16983115,17665815,18835782,19600729,21018291,21993732,23665634,25841629,27370512,28126558,29743502,31773526,32987191,35353194,36810102,37041305,36167195,37837831,39777071,41563660,42045001,44266607,46380512,47741677,49183016,51035138,53344954,56728142
" ""06111""","Ventura, CA",8,CAINC1,2,...,Population (persons) 1/,Number of persons,369811,381174,395691,408523,419461,433885,448918,460485,478695,494086,512189,532827,546389,562142,575586,588790,602819,615422,632062,650851,664692,670117,675706,684143,689943,698509,703486,710215,721107,730779,743357,756506,766689,779489,788070,793994,794197,798183,800027,806353,815130,825144,829908,833287,837729,842113,845599,846921,848264,847222,844203,841387
" ""06111""","Ventura, CA",8,CAINC1,3,...,Per capita personal income (dollars) 2/,Dollars,4237,4394,4667,5107,5646,6217,6833,7418,8200,9373,10218,11403,12610,13346,14133,15416,16390,17578,18663,19888,21013,22340,23119,23690,24615,25291,26775,27598,29147,30096,31836,34159,35700,36083,37742,40017,41535,44292,46011,45937,44370,45856,47929,49879,50189,52566,54849,56371,57981,60238,63190,67422
" ""06113""","Yolo, CA",8,CAINC1,1,...,Personal income (thousands of dollars),Thousands of dollars,404488,437451,487665,549040,618977,725770,792473,813956,924586,1019804,1149038,1313377,1427335,1478287,1529822,1734634,1856363,2006598,2177899,2301557,2583219,2848002,2982937,3101886,3193717,3416154,3625120,3761802,4003633,4171626,4452239,4732430,5239928,5444262,5789465,6165498,6416279,6997412,7531623,7881014,7898891,8050100,8672719,8950133,9222837,9784846,10425111,10775999,11037080,11376143,11968607,12830169
" ""06113""","Yolo, CA",8,CAINC1,2,...,Population (persons) 1/,Number of persons,89817,92144,95307,101668,97694,99899,102227,101389,105909,111100,109575,113791,115238,117748,119398,120861,123769,125166,128526,133311,138252,142214,145100,146568,148165,149972,152628,155359,158876,161743,165269,169835,175337,180327,182954,185237,186269,189615,194339,197154,199791,201061,201931,204558,206267,208368,211998,215569,218470,220082,220019,219728
" ""06113""","Yolo, CA",8,CAINC1,3,...,Per capita personal income (dollars) 2/,Dollars,4503,4747,5117,5400,6336,7265,7752,8028,8730,9179,10486,11542,12386,12555,12813,14352,14999,16031,16945,17265,18685,20026,20558,21163,21555,22779,23751,24214,25200,25792,26939,27865,29885,30191,31644,33284,34446,36903,38755,39974,39536,40038,42949,43754,44713,46959,49176,49989,50520,51690,54398,58391
" ""06115""","Yuba, CA",8,CAINC1,1,...,Personal income (thousands of dollars),Thousands of dollars,158952,177653,191927,203054,219774,246766,266738,274899,312221,345897,392080,428062,462876,481725,496569,551225,589836,620766,666784,708035,769590,811501,864463,911783,917522,923269,947553,982923,1024391,1059163,1154173,1207647,1325048,1408924,1518152,1627126,1761677,1919558,2078254,2199242,2198226,2258158,2345359,2376993,2471665,2557294,2757097,2864477,2948565,3111892,3250687,3717241
" ""06115""","Yuba, CA",8,CAINC1,2,...,Population (persons) 1/,Number of persons,44660,44964,45305,44328,44929,45161,45411,47292,47489,48275,48930,49808,50013,51175,51721,52404,53330,53778,54774,55841,57010,58645,59524,60768,61275,61877,61070,60905,60111,60093,59881,60372,61249,62100,62733,63742,66285,69272,70761,71773,71607,72345,72480,72770,73082,73527,74039,74920,76575,77418,78549,80160
" ""06115""","Yuba, CA",8,CAINC1,3,...,Per capita personal income (dollars) 2/,Dollars,3559,3951,4236,4581,4892,5464,5874,5813,6575,7165,8013,8594,9255,9413,9601,10519,11060,11543,12173,12679,13499,13838,14523,15004,14974,14921,15516,16139,17042,17625,19274,20003,21634,22688,24200,25527,26577,27710,29370,30642,30698,31214,32359,32664,33820,34780,37238,38234,38506,40196,41384,46373
Note: See the included footnote file.,,,,,,,,,,,,,,,,,,,,,,,,,,,,,,,,,,,,,,,,,,,,,,,,,,,,,,,,,,,
"CAINC1: Personal Income Summary: Personal Income, Population, Per Capita Personal Income ",,,,,,,,,,,,,,,,,,,,,,,,,,,,,,,,,,,,,,,,,,,,,,,,,,,,,,,,,,,
"Last updated: November 16, 2021-- new statistics for 2020; revised statistics for 1998-2019.",,,,,,,,,,,,,,,,,,,,,,,,,,,,,,,,,,,,,,,,,,,,,,,,,,,,,,,,,,,
Source: U.S. Department of Commerce / Bureau of Economic Analysis / Regional Economic Accounts,,,,,,,,,,,,,,,,,,,,,,,,,,,,,,,,,,,,,,,,,,,,,,,,,,,,,,,,,,,
